Metric,Value
Total SMS Out,1444236.2211619702
Total SMS In,866979.73786507
Total Call Out,861170.1622566374
Total Call In,934008.309242795
Total Internet,12274560.828558601
Average SMS Out per User,230.74552183447358
Average SMS In per User,138.51729315626616
Average Call Out per User,137.58909766043095
Average Call In per User,149.2264434003507
Average Internet per User,1961.1057403033394
